test_accuracy,test_f1-score,test_log-loss,test_roc-auc-score,train_accuracy,train_f1-score,train_log-loss,train_roc-auc-score
0.4573412698412698,0.4212528269111113,3.2994280455332987,0.8905988021434644,0.5632440476190477,0.5248487587713022,2.290524117324667,0.9407834783590944
0.4412202380952381,0.40985483495517283,2.3452994822080853,0.8945836333128353,0.4806547619047619,0.45730720033075295,1.9275161025359855,0.9240978744362479
