test_accuracy,test_f1-score,test_log-loss,test_roc-auc-score,train_accuracy,train_f1-score,train_log-loss,train_roc-auc-score
0.4573412698412698,0.4212528269111113,3.299428045533299,0.8905988021434644,0.5632440476190477,0.5248487587713022,2.290524117324667,0.9407834783590943
